{
      "XGBoost": 3.8899011735060096,
      "AdaBoost": 5.697759283565869,
      "Random_Forest": 3.906905917929978,
      "Decision_Tree": 4.02028128775585
}